Year,Planet
1,Saturn
2,Saturn
3,Saturn
4,Saturn
5,Saturn
6,Saturn
7,Saturn
8,Saturn
9,Saturn
10,Saturn
11,Saturn
12,Saturn
13,Saturn
14,Saturn
15,Saturn
16,Saturn
17,Saturn
18,Saturn
19,Saturn
20,Saturn
21,Saturn
22,Saturn
23,Saturn
24,Saturn
25,Saturn
26,Saturn
27,Saturn
28,Saturn
29,Saturn
30,Saturn
31,Saturn
32,Saturn
33,Saturn
34,Saturn
35,Saturn
36,Saturn
37,Venus
38,Venus
39,Venus
40,Venus
41,Venus
42,Venus
43,Venus
44,Venus
45,Venus
46,Venus
47,Venus
48,Venus
49,Venus
50,Venus
51,Venus
52,Venus
53,Venus
54,Venus
55,Venus
56,Venus
57,Venus
58,Venus
59,Venus
60,Venus
61,Venus
62,Venus
63,Venus
64,Venus
65,Venus
66,Venus
67,Venus
68,Venus
69,Venus
70,Venus
71,Venus
72,Venus
73,Jupiter
74,Jupiter
75,Jupiter
76,Jupiter
77,Jupiter
78,Jupiter
79,Jupiter
80,Jupiter
81,Jupiter
82,Jupiter
83,Jupiter
84,Jupiter
85,Jupiter
86,Jupiter
87,Jupiter
88,Jupiter
89,Jupiter
90,Jupiter
91,Jupiter
92,Jupiter
93,Jupiter
94,Jupiter
95,Jupiter
96,Jupiter
97,Jupiter
98,Jupiter
99,Jupiter
100,Jupiter
101,Jupiter
102,Jupiter
103,Jupiter
104,Jupiter
105,Jupiter
106,Jupiter
107,Jupiter
108,Jupiter
109,Mercury
110,Mercury
111,Mercury
112,Mercury
113,Mercury
114,Mercury
115,Mercury
116,Mercury
117,Mercury
118,Mercury
119,Mercury
120,Mercury
121,Mercury
122,Mercury
123,Mercury
124,Mercury
125,Mercury
126,Mercury
127,Mercury
128,Mercury
129,Mercury
130,Mercury
131,Mercury
132,Mercury
133,Mercury
134,Mercury
135,Mercury
136,Mercury
137,Mercury
138,Mercury
139,Mercury
140,Mercury
141,Mercury
142,Mercury
143,Mercury
144,Mercury
145,Mars
146,Mars
147,Mars
148,Mars
149,Mars
150,Mars
151,Mars
152,Mars
153,Mars
154,Mars
155,Mars
156,Mars
157,Mars
158,Mars
159,Mars
160,Mars
161,Mars
162,Mars
163,Mars
164,Mars
165,Mars
166,Mars
167,Mars
168,Mars
169,Mars
170,Mars
171,Mars
172,Mars
173,Mars
174,Mars
175,Mars
176,Mars
177,Mars
178,Mars
179,Mars
180,Mars
181,Moon
182,Moon
183,Moon
184,Moon
185,Moon
186,Moon
187,Moon
188,Moon
189,Moon
190,Moon
191,Moon
192,Moon
193,Moon
194,Moon
195,Moon
196,Moon
197,Moon
198,Moon
199,Moon
200,Moon
201,Moon
202,Moon
203,Moon
204,Moon
205,Moon
206,Moon
207,Moon
208,Moon
209,Moon
210,Moon
211,Moon
212,Moon
213,Moon
214,Moon
215,Moon
216,Moon
217,Sun
218,Sun
219,Sun
220,Sun
221,Sun
222,Sun
223,Sun
224,Sun
225,Sun
226,Sun
227,Sun
228,Sun
229,Sun
230,Sun
231,Sun
232,Sun
233,Sun
234,Sun
235,Sun
236,Sun
237,Sun
238,Sun
239,Sun
240,Sun
241,Sun
242,Sun
243,Sun
244,Sun
245,Sun
246,Sun
247,Sun
248,Sun
249,Sun
250,Sun
251,Sun
252,Sun
253,Saturn
254,Saturn
255,Saturn
256,Saturn
257,Saturn
258,Saturn
259,Saturn
260,Saturn
261,Saturn
262,Saturn
263,Saturn
264,Saturn
265,Saturn
266,Saturn
267,Saturn
268,Saturn
269,Saturn
270,Saturn
271,Saturn
272,Saturn
273,Saturn
274,Saturn
275,Saturn
276,Saturn
277,Saturn
278,Saturn
279,Saturn
280,Saturn
281,Saturn
282,Saturn
283,Saturn
284,Saturn
285,Saturn
286,Saturn
287,Saturn
288,Saturn
289,Venus
290,Venus
291,Venus
292,Venus
293,Venus
294,Venus
295,Venus
296,Venus
297,Venus
298,Venus
299,Venus
300,Venus
301,Venus
302,Venus
303,Venus
304,Venus
305,Venus
306,Venus
307,Venus
308,Venus
309,Venus
310,Venus
311,Venus
312,Venus
313,Venus
314,Venus
315,Venus
316,Venus
317,Venus
318,Venus
319,Venus
320,Venus
321,Venus
322,Venus
323,Venus
324,Venus
325,Jupiter
326,Jupiter
327,Jupiter
328,Jupiter
329,Jupiter
330,Jupiter
331,Jupiter
332,Jupiter
333,Jupiter
334,Jupiter
335,Jupiter
336,Jupiter
337,Jupiter
338,Jupiter
339,Jupiter
340,Jupiter
341,Jupiter
342,Jupiter
343,Jupiter
344,Jupiter
345,Jupiter
346,Jupiter
347,Jupiter
348,Jupiter
349,Jupiter
350,Jupiter
351,Jupiter
352,Jupiter
353,Jupiter
354,Jupiter
355,Jupiter
356,Jupiter
357,Jupiter
358,Jupiter
359,Jupiter
360,Jupiter
361,Mercury
362,Mercury
363,Mercury
364,Mercury
365,Mercury
366,Mercury
367,Mercury
368,Mercury
369,Mercury
370,Mercury
371,Mercury
372,Mercury
373,Mercury
374,Mercury
375,Mercury
376,Mercury
377,Mercury
378,Mercury
379,Mercury
380,Mercury
381,Mercury
382,Mercury
383,Mercury
384,Mercury
385,Mercury
386,Mercury
387,Mercury
388,Mercury
389,Mercury
390,Mercury
391,Mercury
392,Mercury
393,Mercury
394,Mercury
395,Mercury
396,Mercury
397,Mars
398,Mars
399,Mars
400,Mars
401,Mars
402,Mars
403,Mars
404,Mars
405,Mars
406,Mars
407,Mars
408,Mars
409,Mars
410,Mars
411,Mars
412,Mars
413,Mars
414,Mars
415,Mars
416,Mars
417,Mars
418,Mars
419,Mars
420,Mars
421,Mars
422,Mars
423,Mars
424,Mars
425,Mars
426,Mars
427,Mars
428,Mars
429,Mars
430,Mars
431,Mars
432,Mars
433,Moon
434,Moon
435,Moon
436,Moon
437,Moon
438,Moon
439,Moon
440,Moon
441,Moon
442,Moon
443,Moon
444,Moon
445,Moon
446,Moon
447,Moon
448,Moon
449,Moon
450,Moon
451,Moon
452,Moon
453,Moon
454,Moon
455,Moon
456,Moon
457,Moon
458,Moon
459,Moon
460,Moon
461,Moon
462,Moon
463,Moon
464,Moon
465,Moon
466,Moon
467,Moon
468,Moon
469,Sun
470,Sun
471,Sun
472,Sun
473,Sun
474,Sun
475,Sun
476,Sun
477,Sun
478,Sun
479,Sun
480,Sun
481,Sun
482,Sun
483,Sun
484,Sun
485,Sun
486,Sun
487,Sun
488,Sun
489,Sun
490,Sun
491,Sun
492,Sun
493,Sun
494,Sun
495,Sun
496,Sun
497,Sun
498,Sun
499,Sun
500,Sun
501,Sun
502,Sun
503,Sun
504,Sun
505,Saturn
506,Saturn
507,Saturn
508,Saturn
509,Saturn
510,Saturn
511,Saturn
512,Saturn
513,Saturn
514,Saturn
515,Saturn
516,Saturn
517,Saturn
518,Saturn
519,Saturn
520,Saturn
521,Saturn
522,Saturn
523,Saturn
524,Saturn
525,Saturn
526,Saturn
527,Saturn
528,Saturn
529,Saturn
530,Saturn
531,Saturn
532,Saturn
533,Saturn
534,Saturn
535,Saturn
536,Saturn
537,Saturn
538,Saturn
539,Saturn
540,Saturn
541,Venus
542,Venus
543,Venus
544,Venus
545,Venus
546,Venus
547,Venus
548,Venus
549,Venus
550,Venus
551,Venus
552,Venus
553,Venus
554,Venus
555,Venus
556,Venus
557,Venus
558,Venus
559,Venus
560,Venus
561,Venus
562,Venus
563,Venus
564,Venus
565,Venus
566,Venus
567,Venus
568,Venus
569,Venus
570,Venus
571,Venus
572,Venus
573,Venus
574,Venus
575,Venus
576,Venus
577,Jupiter
578,Jupiter
579,Jupiter
580,Jupiter
581,Jupiter
582,Jupiter
583,Jupiter
584,Jupiter
585,Jupiter
586,Jupiter
587,Jupiter
588,Jupiter
589,Jupiter
590,Jupiter
591,Jupiter
592,Jupiter
593,Jupiter
594,Jupiter
595,Jupiter
596,Jupiter
597,Jupiter
598,Jupiter
599,Jupiter
600,Jupiter
601,Jupiter
602,Jupiter
603,Jupiter
604,Jupiter
605,Jupiter
606,Jupiter
607,Jupiter
608,Jupiter
609,Jupiter
610,Jupiter
611,Jupiter
612,Jupiter
613,Mercury
614,Mercury
615,Mercury
616,Mercury
617,Mercury
618,Mercury
619,Mercury
620,Mercury
621,Mercury
622,Mercury
623,Mercury
624,Mercury
625,Mercury
626,Mercury
627,Mercury
628,Mercury
629,Mercury
630,Mercury
631,Mercury
632,Mercury
633,Mercury
634,Mercury
635,Mercury
636,Mercury
637,Mercury
638,Mercury
639,Mercury
640,Mercury
641,Mercury
642,Mercury
643,Mercury
644,Mercury
645,Mercury
646,Mercury
647,Mercury
648,Mercury
649,Mars
650,Mars
651,Mars
652,Mars
653,Mars
654,Mars
655,Mars
656,Mars
657,Mars
658,Mars
659,Mars
660,Mars
661,Mars
662,Mars
663,Mars
664,Mars
665,Mars
666,Mars
667,Mars
668,Mars
669,Mars
670,Mars
671,Mars
672,Mars
673,Mars
674,Mars
675,Mars
676,Mars
677,Mars
678,Mars
679,Mars
680,Mars
681,Mars
682,Mars
683,Mars
684,Mars
685,Moon
686,Moon
687,Moon
688,Moon
689,Moon
690,Moon
691,Moon
692,Moon
693,Moon
694,Moon
695,Moon
696,Moon
697,Moon
698,Moon
699,Moon
700,Moon
701,Moon
702,Moon
703,Moon
704,Moon
705,Moon
706,Moon
707,Moon
708,Moon
709,Moon
710,Moon
711,Moon
712,Moon
713,Moon
714,Moon
715,Moon
716,Moon
717,Moon
718,Moon
719,Moon
720,Moon
721,Sun
722,Sun
723,Sun
724,Sun
725,Sun
726,Sun
727,Sun
728,Sun
729,Sun
730,Sun
731,Sun
732,Sun
733,Sun
734,Sun
735,Sun
736,Sun
737,Sun
738,Sun
739,Sun
740,Sun
741,Sun
742,Sun
743,Sun
744,Sun
745,Sun
746,Sun
747,Sun
748,Sun
749,Sun
750,Sun
751,Sun
752,Sun
753,Sun
754,Sun
755,Sun
756,Sun
757,Saturn
758,Saturn
759,Saturn
760,Saturn
761,Saturn
762,Saturn
763,Saturn
764,Saturn
765,Saturn
766,Saturn
767,Saturn
768,Saturn
769,Saturn
770,Saturn
771,Saturn
772,Saturn
773,Saturn
774,Saturn
775,Saturn
776,Saturn
777,Saturn
778,Saturn
779,Saturn
780,Saturn
781,Saturn
782,Saturn
783,Saturn
784,Saturn
785,Saturn
786,Saturn
787,Saturn
788,Saturn
789,Saturn
790,Saturn
791,Saturn
792,Saturn
793,Venus
794,Venus
795,Venus
796,Venus
797,Venus
798,Venus
799,Venus
800,Venus
801,Venus
802,Venus
803,Venus
804,Venus
805,Venus
806,Venus
807,Venus
808,Venus
809,Venus
810,Venus
811,Venus
812,Venus
813,Venus
814,Venus
815,Venus
816,Venus
817,Venus
818,Venus
819,Venus
820,Venus
821,Venus
822,Venus
823,Venus
824,Venus
825,Venus
826,Venus
827,Venus
828,Venus
829,Jupiter
830,Jupiter
831,Jupiter
832,Jupiter
833,Jupiter
834,Jupiter
835,Jupiter
836,Jupiter
837,Jupiter
838,Jupiter
839,Jupiter
840,Jupiter
841,Jupiter
842,Jupiter
843,Jupiter
844,Jupiter
845,Jupiter
846,Jupiter
847,Jupiter
848,Jupiter
849,Jupiter
850,Jupiter
851,Jupiter
852,Jupiter
853,Jupiter
854,Jupiter
855,Jupiter
856,Jupiter
857,Jupiter
858,Jupiter
859,Jupiter
860,Jupiter
861,Jupiter
862,Jupiter
863,Jupiter
864,Jupiter
865,Mercury
866,Mercury
867,Mercury
868,Mercury
869,Mercury
870,Mercury
871,Mercury
872,Mercury
873,Mercury
874,Mercury
875,Mercury
876,Mercury
877,Mercury
878,Mercury
879,Mercury
880,Mercury
881,Mercury
882,Mercury
883,Mercury
884,Mercury
885,Mercury
886,Mercury
887,Mercury
888,Mercury
889,Mercury
890,Mercury
891,Mercury
892,Mercury
893,Mercury
894,Mercury
895,Mercury
896,Mercury
897,Mercury
898,Mercury
899,Mercury
900,Mercury
901,Mars
902,Mars
903,Mars
904,Mars
905,Mars
906,Mars
907,Mars
908,Mars
909,Mars
910,Mars
911,Mars
912,Mars
913,Mars
914,Mars
915,Mars
916,Mars
917,Mars
918,Mars
919,Mars
920,Mars
921,Mars
922,Mars
923,Mars
924,Mars
925,Mars
926,Mars
927,Mars
928,Mars
929,Mars
930,Mars
931,Mars
932,Mars
933,Mars
934,Mars
935,Mars
936,Mars
937,Moon
938,Moon
939,Moon
940,Moon
941,Moon
942,Moon
943,Moon
944,Moon
945,Moon
946,Moon
947,Moon
948,Moon
949,Moon
950,Moon
951,Moon
952,Moon
953,Moon
954,Moon
955,Moon
956,Moon
957,Moon
958,Moon
959,Moon
960,Moon
961,Moon
962,Moon
963,Moon
964,Moon
965,Moon
966,Moon
967,Moon
968,Moon
969,Moon
970,Moon
971,Moon
972,Moon
973,Sun
974,Sun
975,Sun
976,Sun
977,Sun
978,Sun
979,Sun
980,Sun
981,Sun
982,Sun
983,Sun
984,Sun
985,Sun
986,Sun
987,Sun
988,Sun
989,Sun
990,Sun
991,Sun
992,Sun
993,Sun
994,Sun
995,Sun
996,Sun
997,Sun
998,Sun
999,Sun
1000,Sun
1001,Sun
1002,Sun
1003,Sun
1004,Sun
1005,Sun
1006,Sun
1007,Sun
1008,Sun
1009,Saturn
1010,Saturn
1011,Saturn
1012,Saturn
1013,Saturn
1014,Saturn
1015,Saturn
1016,Saturn
1017,Saturn
1018,Saturn
1019,Saturn
1020,Saturn
1021,Saturn
1022,Saturn
1023,Saturn
1024,Saturn
1025,Saturn
1026,Saturn
1027,Saturn
1028,Saturn
1029,Saturn
1030,Saturn
1031,Saturn
1032,Saturn
1033,Saturn
1034,Saturn
1035,Saturn
1036,Saturn
1037,Saturn
1038,Saturn
1039,Saturn
1040,Saturn
1041,Saturn
1042,Saturn
1043,Saturn
1044,Saturn
1045,Venus
1046,Venus
1047,Venus
1048,Venus
1049,Venus
1050,Venus
1051,Venus
1052,Venus
1053,Venus
1054,Venus
1055,Venus
1056,Venus
1057,Venus
1058,Venus
1059,Venus
1060,Venus
1061,Venus
1062,Venus
1063,Venus
1064,Venus
1065,Venus
1066,Venus
1067,Venus
1068,Venus
1069,Venus
1070,Venus
1071,Venus
1072,Venus
1073,Venus
1074,Venus
1075,Venus
1076,Venus
1077,Venus
1078,Venus
1079,Venus
1080,Venus
1081,Jupiter
1082,Jupiter
1083,Jupiter
1084,Jupiter
1085,Jupiter
1086,Jupiter
1087,Jupiter
1088,Jupiter
1089,Jupiter
1090,Jupiter
1091,Jupiter
1092,Jupiter
1093,Jupiter
1094,Jupiter
1095,Jupiter
1096,Jupiter
1097,Jupiter
1098,Jupiter
1099,Jupiter
1100,Jupiter
1101,Jupiter
1102,Jupiter
1103,Jupiter
1104,Jupiter
1105,Jupiter
1106,Jupiter
1107,Jupiter
1108,Jupiter
1109,Jupiter
1110,Jupiter
1111,Jupiter
1112,Jupiter
1113,Jupiter
1114,Jupiter
1115,Jupiter
1116,Jupiter
1117,Mercury
1118,Mercury
1119,Mercury
1120,Mercury
1121,Mercury
1122,Mercury
1123,Mercury
1124,Mercury
1125,Mercury
1126,Mercury
1127,Mercury
1128,Mercury
1129,Mercury
1130,Mercury
1131,Mercury
1132,Mercury
1133,Mercury
1134,Mercury
1135,Mercury
1136,Mercury
1137,Mercury
1138,Mercury
1139,Mercury
1140,Mercury
1141,Mercury
1142,Mercury
1143,Mercury
1144,Mercury
1145,Mercury
1146,Mercury
1147,Mercury
1148,Mercury
1149,Mercury
1150,Mercury
1151,Mercury
1152,Mercury
1153,Mars
1154,Mars
1155,Mars
1156,Mars
1157,Mars
1158,Mars
1159,Mars
1160,Mars
1161,Mars
1162,Mars
1163,Mars
1164,Mars
1165,Mars
1166,Mars
1167,Mars
1168,Mars
1169,Mars
1170,Mars
1171,Mars
1172,Mars
1173,Mars
1174,Mars
1175,Mars
1176,Mars
1177,Mars
1178,Mars
1179,Mars
1180,Mars
1181,Mars
1182,Mars
1183,Mars
1184,Mars
1185,Mars
1186,Mars
1187,Mars
1188,Mars
1189,Moon
1190,Moon
1191,Moon
1192,Moon
1193,Moon
1194,Moon
1195,Moon
1196,Moon
1197,Moon
1198,Moon
1199,Moon
1200,Moon
1201,Moon
1202,Moon
1203,Moon
1204,Moon
1205,Moon
1206,Moon
1207,Moon
1208,Moon
1209,Moon
1210,Moon
1211,Moon
1212,Moon
1213,Moon
1214,Moon
1215,Moon
1216,Moon
1217,Moon
1218,Moon
1219,Moon
1220,Moon
1221,Moon
1222,Moon
1223,Moon
1224,Moon
1225,Sun
1226,Sun
1227,Sun
1228,Sun
1229,Sun
1230,Sun
1231,Sun
1232,Sun
1233,Sun
1234,Sun
1235,Sun
1236,Sun
1237,Sun
1238,Sun
1239,Sun
1240,Sun
1241,Sun
1242,Sun
1243,Sun
1244,Sun
1245,Sun
1246,Sun
1247,Sun
1248,Sun
1249,Sun
1250,Sun
1251,Sun
1252,Sun
1253,Sun
1254,Sun
1255,Sun
1256,Sun
1257,Sun
1258,Sun
1259,Sun
1260,Sun
1261,Saturn
1262,Saturn
1263,Saturn
1264,Saturn
1265,Saturn
1266,Saturn
1267,Saturn
1268,Saturn
1269,Saturn
1270,Saturn
1271,Saturn
1272,Saturn
1273,Saturn
1274,Saturn
1275,Saturn
1276,Saturn
1277,Saturn
1278,Saturn
1279,Saturn
1280,Saturn
1281,Saturn
1282,Saturn
1283,Saturn
1284,Saturn
1285,Saturn
1286,Saturn
1287,Saturn
1288,Saturn
1289,Saturn
1290,Saturn
1291,Saturn
1292,Saturn
1293,Saturn
1294,Saturn
1295,Saturn
1296,Saturn
1297,Venus
1298,Venus
1299,Venus
1300,Venus
1301,Venus
1302,Venus
1303,Venus
1304,Venus
1305,Venus
1306,Venus
1307,Venus
1308,Venus
1309,Venus
1310,Venus
1311,Venus
1312,Venus
1313,Venus
1314,Venus
1315,Venus
1316,Venus
1317,Venus
1318,Venus
1319,Venus
1320,Venus
1321,Venus
1322,Venus
1323,Venus
1324,Venus
1325,Venus
1326,Venus
1327,Venus
1328,Venus
1329,Venus
1330,Venus
1331,Venus
1332,Venus
1333,Jupiter
1334,Jupiter
1335,Jupiter
1336,Jupiter
1337,Jupiter
1338,Jupiter
1339,Jupiter
1340,Jupiter
1341,Jupiter
1342,Jupiter
1343,Jupiter
1344,Jupiter
1345,Jupiter
1346,Jupiter
1347,Jupiter
1348,Jupiter
1349,Jupiter
1350,Jupiter
1351,Jupiter
1352,Jupiter
1353,Jupiter
1354,Jupiter
1355,Jupiter
1356,Jupiter
1357,Jupiter
1358,Jupiter
1359,Jupiter
1360,Jupiter
1361,Jupiter
1362,Jupiter
1363,Jupiter
1364,Jupiter
1365,Jupiter
1366,Jupiter
1367,Jupiter
1368,Jupiter
1369,Mercury
1370,Mercury
1371,Mercury
1372,Mercury
1373,Mercury
1374,Mercury
1375,Mercury
1376,Mercury
1377,Mercury
1378,Mercury
1379,Mercury
1380,Mercury
1381,Mercury
1382,Mercury
1383,Mercury
1384,Mercury
1385,Mercury
1386,Mercury
1387,Mercury
1388,Mercury
1389,Mercury
1390,Mercury
1391,Mercury
1392,Mercury
1393,Mercury
1394,Mercury
1395,Mercury
1396,Mercury
1397,Mercury
1398,Mercury
1399,Mercury
1400,Mercury
1401,Mercury
1402,Mercury
1403,Mercury
1404,Mercury
1405,Mars
1406,Mars
1407,Mars
1408,Mars
1409,Mars
1410,Mars
1411,Mars
1412,Mars
1413,Mars
1414,Mars
1415,Mars
1416,Mars
1417,Mars
1418,Mars
1419,Mars
1420,Mars
1421,Mars
1422,Mars
1423,Mars
1424,Mars
1425,Mars
1426,Mars
1427,Mars
1428,Mars
1429,Mars
1430,Mars
1431,Mars
1432,Mars
1433,Mars
1434,Mars
1435,Mars
1436,Mars
1437,Mars
1438,Mars
1439,Mars
1440,Mars
1441,Moon
1442,Moon
1443,Moon
1444,Moon
1445,Moon
1446,Moon
1447,Moon
1448,Moon
1449,Moon
1450,Moon
1451,Moon
1452,Moon
1453,Moon
1454,Moon
1455,Moon
1456,Moon
1457,Moon
1458,Moon
1459,Moon
1460,Moon
1461,Moon
1462,Moon
1463,Moon
1464,Moon
1465,Moon
1466,Moon
1467,Moon
1468,Moon
1469,Moon
1470,Moon
1471,Moon
1472,Moon
1473,Moon
1474,Moon
1475,Moon
1476,Moon
1477,Sun
1478,Sun
1479,Sun
1480,Sun
1481,Sun
1482,Sun
1483,Sun
1484,Sun
1485,Sun
1486,Sun
1487,Sun
1488,Sun
1489,Sun
1490,Sun
1491,Sun
1492,Sun
1493,Sun
1494,Sun
1495,Sun
1496,Sun
1497,Sun
1498,Sun
1499,Sun
1500,Sun
1501,Sun
1502,Sun
1503,Sun
1504,Sun
1505,Sun
1506,Sun
1507,Sun
1508,Sun
1509,Sun
1510,Sun
1511,Sun
1512,Sun
1513,Saturn
1514,Saturn
1515,Saturn
1516,Saturn
1517,Saturn
1518,Saturn
1519,Saturn
1520,Saturn
1521,Saturn
1522,Saturn
1523,Saturn
1524,Saturn
1525,Saturn
1526,Saturn
1527,Saturn
1528,Saturn
1529,Saturn
1530,Saturn
1531,Saturn
1532,Saturn
1533,Saturn
1534,Saturn
1535,Saturn
1536,Saturn
1537,Saturn
1538,Saturn
1539,Saturn
1540,Saturn
1541,Saturn
1542,Saturn
1543,Saturn
1544,Saturn
1545,Saturn
1546,Saturn
1547,Saturn
1548,Saturn
1549,Venus
1550,Venus
1551,Venus
1552,Venus
1553,Venus
1554,Venus
1555,Venus
1556,Venus
1557,Venus
1558,Venus
1559,Venus
1560,Venus
1561,Venus
1562,Venus
1563,Venus
1564,Venus
1565,Venus
1566,Venus
1567,Venus
1568,Venus
1569,Venus
1570,Venus
1571,Venus
1572,Venus
1573,Venus
1574,Venus
1575,Venus
1576,Venus
1577,Venus
1578,Venus
1579,Venus
1580,Venus
1581,Venus
1582,Venus
1583,Venus
1584,Venus
1585,Jupiter
1586,Jupiter
1587,Jupiter
1588,Jupiter
1589,Jupiter
1590,Jupiter
1591,Jupiter
1592,Jupiter
1593,Jupiter
1594,Jupiter
1595,Jupiter
1596,Jupiter
1597,Jupiter
1598,Jupiter
1599,Jupiter
1600,Jupiter
1601,Jupiter
1602,Jupiter
1603,Jupiter
1604,Jupiter
1605,Jupiter
1606,Jupiter
1607,Jupiter
1608,Jupiter
1609,Jupiter
1610,Jupiter
1611,Jupiter
1612,Jupiter
1613,Jupiter
1614,Jupiter
1615,Jupiter
1616,Jupiter
1617,Jupiter
1618,Jupiter
1619,Jupiter
1620,Jupiter
1621,Mercury
1622,Mercury
1623,Mercury
1624,Mercury
1625,Mercury
1626,Mercury
1627,Mercury
1628,Mercury
1629,Mercury
1630,Mercury
1631,Mercury
1632,Mercury
1633,Mercury
1634,Mercury
1635,Mercury
1636,Mercury
1637,Mercury
1638,Mercury
1639,Mercury
1640,Mercury
1641,Mercury
1642,Mercury
1643,Mercury
1644,Mercury
1645,Mercury
1646,Mercury
1647,Mercury
1648,Mercury
1649,Mercury
1650,Mercury
1651,Mercury
1652,Mercury
1653,Mercury
1654,Mercury
1655,Mercury
1656,Mercury
1657,Mars
1658,Mars
1659,Mars
1660,Mars
1661,Mars
1662,Mars
1663,Mars
1664,Mars
1665,Mars
1666,Mars
1667,Mars
1668,Mars
1669,Mars
1670,Mars
1671,Mars
1672,Mars
1673,Mars
1674,Mars
1675,Mars
1676,Mars
1677,Mars
1678,Mars
1679,Mars
1680,Mars
1681,Mars
1682,Mars
1683,Mars
1684,Mars
1685,Mars
1686,Mars
1687,Mars
1688,Mars
1689,Mars
1690,Mars
1691,Mars
1692,Mars
1693,Moon
1694,Moon
1695,Moon
1696,Moon
1697,Moon
1698,Moon
1699,Moon
1700,Moon
1701,Moon
1702,Moon
1703,Moon
1704,Moon
1705,Moon
1706,Moon
1707,Moon
1708,Moon
1709,Moon
1710,Moon
1711,Moon
1712,Moon
1713,Moon
1714,Moon
1715,Moon
1716,Moon
1717,Moon
1718,Moon
1719,Moon
1720,Moon
1721,Moon
1722,Moon
1723,Moon
1724,Moon
1725,Moon
1726,Moon
1727,Moon
1728,Moon
1729,Sun
1730,Sun
1731,Sun
1732,Sun
1733,Sun
1734,Sun
1735,Sun
1736,Sun
1737,Sun
1738,Sun
1739,Sun
1740,Sun
1741,Sun
1742,Sun
1743,Sun
1744,Sun
1745,Sun
1746,Sun
1747,Sun
1748,Sun
1749,Sun
1750,Sun
1751,Sun
1752,Sun
1753,Sun
1754,Sun
1755,Sun
1756,Sun
1757,Sun
1758,Sun
1759,Sun
1760,Sun
1761,Sun
1762,Sun
1763,Sun
1764,Sun
1765,Saturn
1766,Saturn
1767,Saturn
1768,Saturn
1769,Saturn
1770,Saturn
1771,Saturn
1772,Saturn
1773,Saturn
1774,Saturn
1775,Saturn
1776,Saturn
1777,Saturn
1778,Saturn
1779,Saturn
1780,Saturn
1781,Saturn
1782,Saturn
1783,Saturn
1784,Saturn
1785,Saturn
1786,Saturn
1787,Saturn
1788,Saturn
1789,Saturn
1790,Saturn
1791,Saturn
1792,Saturn
1793,Saturn
1794,Saturn
1795,Saturn
1796,Saturn
1797,Saturn
1798,Saturn
1799,Saturn
1800,Saturn
1801,Venus
1802,Venus
1803,Venus
1804,Venus
1805,Venus
1806,Venus
1807,Venus
1808,Venus
1809,Venus
1810,Venus
1811,Venus
1812,Venus
1813,Venus
1814,Venus
1815,Venus
1816,Venus
1817,Venus
1818,Venus
1819,Venus
1820,Venus
1821,Venus
1822,Venus
1823,Venus
1824,Venus
1825,Venus
1826,Venus
1827,Venus
1828,Venus
1829,Venus
1830,Venus
1831,Venus
1832,Venus
1833,Venus
1834,Venus
1835,Venus
1836,Venus
1837,Jupiter
1838,Jupiter
1839,Jupiter
1840,Jupiter
1841,Jupiter
1842,Jupiter
1843,Jupiter
1844,Jupiter
1845,Jupiter
1846,Jupiter
1847,Jupiter
1848,Jupiter
1849,Jupiter
1850,Jupiter
1851,Jupiter
1852,Jupiter
1853,Jupiter
1854,Jupiter
1855,Jupiter
1856,Jupiter
1857,Jupiter
1858,Jupiter
1859,Jupiter
1860,Jupiter
1861,Jupiter
1862,Jupiter
1863,Jupiter
1864,Jupiter
1865,Jupiter
1866,Jupiter
1867,Jupiter
1868,Jupiter
1869,Jupiter
1870,Jupiter
1871,Jupiter
1872,Jupiter
1873,Mercury
1874,Mercury
1875,Mercury
1876,Mercury
1877,Mercury
1878,Mercury
1879,Mercury
1880,Mercury
1881,Mercury
1882,Mercury
1883,Mercury
1884,Mercury
1885,Mercury
1886,Mercury
1887,Mercury
1888,Mercury
1889,Mercury
1890,Mercury
1891,Mercury
1892,Mercury
1893,Mercury
1894,Mercury
1895,Mercury
1896,Mercury
1897,Mercury
1898,Mercury
1899,Mercury
1900,Mercury
1901,Mercury
1902,Mercury
1903,Mercury
1904,Mercury
1905,Mercury
1906,Mercury
1907,Mercury
1908,Mercury
1909,Mars
1910,Mars
1911,Mars
1912,Mars
1913,Mars
1914,Mars
1915,Mars
1916,Mars
1917,Mars
1918,Mars
1919,Mars
1920,Mars
1921,Mars
1922,Mars
1923,Mars
1924,Mars
1925,Mars
1926,Mars
1927,Mars
1928,Mars
1929,Mars
1930,Mars
1931,Mars
1932,Mars
1933,Mars
1934,Mars
1935,Mars
1936,Mars
1937,Mars
1938,Mars
1939,Mars
1940,Mars
1941,Mars
1942,Mars
1943,Mars
1944,Mars
1945,Moon
1946,Moon
1947,Moon
1948,Moon
1949,Moon
1950,Moon
1951,Moon
1952,Moon
1953,Moon
1954,Moon
1955,Moon
1956,Moon
1957,Moon
1958,Moon
1959,Moon
1960,Moon
1961,Moon
1962,Moon
1963,Moon
1964,Moon
1965,Moon
1966,Moon
1967,Moon
1968,Moon
1969,Moon
1970,Moon
1971,Moon
1972,Moon
1973,Moon
1974,Moon
1975,Moon
1976,Moon
1977,Moon
1978,Moon
1979,Moon
1980,Moon
1981,Sun
1982,Sun
1983,Sun
1984,Sun
1985,Sun
1986,Sun
1987,Sun
1988,Sun
1989,Sun
1990,Sun
1991,Sun
1992,Sun
1993,Sun
1994,Sun
1995,Sun
1996,Sun
1997,Sun
1998,Sun
1999,Sun
2000,Sun
2001,Sun
2002,Sun
2003,Sun
2004,Sun
2005,Sun
2006,Sun
2007,Sun
2008,Sun
2009,Sun
2010,Sun
2011,Sun
2012,Sun
2013,Sun
2014,Sun
2015,Sun
2016,Sun
2017,Saturn
2018,Saturn
2019,Saturn
2020,Saturn
2021,Saturn
2022,Saturn
2023,Saturn
2024,Saturn
2025,Saturn
2026,Saturn
2027,Saturn
2028,Saturn
2029,Saturn
2030,Saturn
2031,Saturn
2032,Saturn
2033,Saturn
2034,Saturn
2035,Saturn
2036,Saturn
2037,Saturn
2038,Saturn
2039,Saturn
2040,Saturn
2041,Saturn
2042,Saturn
2043,Saturn
2044,Saturn
2045,Saturn
2046,Saturn
2047,Saturn
2048,Saturn
2049,Saturn
2050,Saturn
2051,Saturn
2052,Saturn
2053,Venus
2054,Venus
2055,Venus
2056,Venus
2057,Venus
2058,Venus
2059,Venus
2060,Venus
2061,Venus
2062,Venus
2063,Venus
2064,Venus
2065,Venus
2066,Venus
2067,Venus
2068,Venus
2069,Venus
2070,Venus
2071,Venus
2072,Venus
2073,Venus
2074,Venus
2075,Venus
2076,Venus
2077,Venus
2078,Venus
2079,Venus
2080,Venus
2081,Venus
2082,Venus
2083,Venus
2084,Venus
2085,Venus
2086,Venus
2087,Venus
2088,Venus
2089,Jupiter
2090,Jupiter
2091,Jupiter
2092,Jupiter
2093,Jupiter
2094,Jupiter
2095,Jupiter
2096,Jupiter
2097,Jupiter
2098,Jupiter
2099,Jupiter
2100,Jupiter
2101,Jupiter
2102,Jupiter
2103,Jupiter
2104,Jupiter
2105,Jupiter
2106,Jupiter
2107,Jupiter
2108,Jupiter
2109,Jupiter
2110,Jupiter
2111,Jupiter
2112,Jupiter
2113,Jupiter
2114,Jupiter
2115,Jupiter
2116,Jupiter
2117,Jupiter
2118,Jupiter
2119,Jupiter
2120,Jupiter
2121,Jupiter
2122,Jupiter
2123,Jupiter
2124,Jupiter
2125,Mercury
2126,Mercury
2127,Mercury
2128,Mercury
2129,Mercury
2130,Mercury
2131,Mercury
2132,Mercury
2133,Mercury
2134,Mercury
2135,Mercury
2136,Mercury
2137,Mercury
2138,Mercury
2139,Mercury
2140,Mercury
2141,Mercury
2142,Mercury
2143,Mercury
2144,Mercury
2145,Mercury
2146,Mercury
2147,Mercury
2148,Mercury
2149,Mercury
2150,Mercury
2151,Mercury
2152,Mercury
2153,Mercury
2154,Mercury
2155,Mercury
2156,Mercury
2157,Mercury
2158,Mercury
2159,Mercury
2160,Mercury
2161,Mars
2162,Mars
2163,Mars
2164,Mars
2165,Mars
2166,Mars
2167,Mars
2168,Mars
2169,Mars
2170,Mars
2171,Mars
2172,Mars
2173,Mars
2174,Mars
2175,Mars
2176,Mars
2177,Mars
2178,Mars
2179,Mars
2180,Mars
2181,Mars
2182,Mars
2183,Mars
2184,Mars
2185,Mars
2186,Mars
2187,Mars
2188,Mars
2189,Mars
2190,Mars
2191,Mars
2192,Mars
2193,Mars
2194,Mars
2195,Mars
2196,Mars
2197,Moon
2198,Moon
2199,Moon
2200,Moon
2201,Moon
2202,Moon
2203,Moon
2204,Moon
2205,Moon
2206,Moon
2207,Moon
2208,Moon
2209,Moon
2210,Moon
2211,Moon
2212,Moon
2213,Moon
2214,Moon
2215,Moon
2216,Moon
2217,Moon
2218,Moon
2219,Moon
2220,Moon
2221,Moon
2222,Moon
2223,Moon
2224,Moon
2225,Moon
2226,Moon
2227,Moon
2228,Moon
2229,Moon
2230,Moon
2231,Moon
2232,Moon
2233,Sun
2234,Sun
2235,Sun
2236,Sun
2237,Sun
2238,Sun
2239,Sun
2240,Sun
2241,Sun
2242,Sun
2243,Sun
2244,Sun
2245,Sun
2246,Sun
2247,Sun
2248,Sun
2249,Sun
2250,Sun
2251,Sun
2252,Sun
2253,Sun
2254,Sun
2255,Sun
2256,Sun
2257,Sun
2258,Sun
2259,Sun
2260,Sun
2261,Sun
2262,Sun
2263,Sun
2264,Sun
2265,Sun
2266,Sun
2267,Sun
2268,Sun
2269,Saturn
2270,Saturn
2271,Saturn
2272,Saturn
2273,Saturn
2274,Saturn
2275,Saturn
2276,Saturn
2277,Saturn
2278,Saturn
2279,Saturn
2280,Saturn
2281,Saturn
2282,Saturn
2283,Saturn
2284,Saturn
2285,Saturn
2286,Saturn
2287,Saturn
2288,Saturn
2289,Saturn
2290,Saturn
2291,Saturn
2292,Saturn
2293,Saturn
2294,Saturn
2295,Saturn
2296,Saturn
2297,Saturn
2298,Saturn
2299,Saturn
2300,Saturn
2301,Saturn
2302,Saturn
2303,Saturn
2304,Saturn
2305,Venus
2306,Venus
2307,Venus
2308,Venus
2309,Venus
2310,Venus
2311,Venus
2312,Venus
2313,Venus
2314,Venus
2315,Venus
2316,Venus
2317,Venus
2318,Venus
2319,Venus
2320,Venus
2321,Venus
2322,Venus
2323,Venus
2324,Venus
2325,Venus
2326,Venus
2327,Venus
2328,Venus
2329,Venus
2330,Venus
2331,Venus
2332,Venus
2333,Venus
2334,Venus
2335,Venus
2336,Venus
2337,Venus
2338,Venus
2339,Venus
2340,Venus
2341,Jupiter
2342,Jupiter
2343,Jupiter
2344,Jupiter
2345,Jupiter
2346,Jupiter
2347,Jupiter
2348,Jupiter
2349,Jupiter
2350,Jupiter
2351,Jupiter
2352,Jupiter
2353,Jupiter
2354,Jupiter
2355,Jupiter
2356,Jupiter
2357,Jupiter
2358,Jupiter
2359,Jupiter
2360,Jupiter
2361,Jupiter
2362,Jupiter
2363,Jupiter
2364,Jupiter
2365,Jupiter
2366,Jupiter
2367,Jupiter
2368,Jupiter
2369,Jupiter
2370,Jupiter
2371,Jupiter
2372,Jupiter
2373,Jupiter
2374,Jupiter
2375,Jupiter
2376,Jupiter
2377,Mercury
2378,Mercury
2379,Mercury
2380,Mercury
2381,Mercury
2382,Mercury
2383,Mercury
2384,Mercury
2385,Mercury
2386,Mercury
2387,Mercury
2388,Mercury
2389,Mercury
2390,Mercury
2391,Mercury
2392,Mercury
2393,Mercury
2394,Mercury
2395,Mercury
2396,Mercury
2397,Mercury
2398,Mercury
2399,Mercury
2400,Mercury
2401,Mercury
2402,Mercury
2403,Mercury
2404,Mercury
2405,Mercury
2406,Mercury
2407,Mercury
2408,Mercury
2409,Mercury
2410,Mercury
2411,Mercury
2412,Mercury
2413,Mars
2414,Mars
2415,Mars
2416,Mars
2417,Mars
2418,Mars
2419,Mars
2420,Mars
2421,Mars
2422,Mars
2423,Mars
2424,Mars
2425,Mars
2426,Mars
2427,Mars
2428,Mars
2429,Mars
2430,Mars
2431,Mars
2432,Mars
2433,Mars
2434,Mars
2435,Mars
2436,Mars
2437,Mars
2438,Mars
2439,Mars
2440,Mars
2441,Mars
2442,Mars
2443,Mars
2444,Mars
2445,Mars
2446,Mars
2447,Mars
2448,Mars
2449,Moon
2450,Moon
2451,Moon
2452,Moon
2453,Moon
2454,Moon
2455,Moon
2456,Moon
2457,Moon
2458,Moon
2459,Moon
2460,Moon
2461,Moon
2462,Moon
2463,Moon
2464,Moon
2465,Moon
2466,Moon
2467,Moon
2468,Moon
2469,Moon
2470,Moon
2471,Moon
2472,Moon
2473,Moon
2474,Moon
2475,Moon
2476,Moon
2477,Moon
2478,Moon
2479,Moon
2480,Moon
2481,Moon
2482,Moon
2483,Moon
2484,Moon
2485,Sun
2486,Sun
2487,Sun
2488,Sun
2489,Sun
2490,Sun
2491,Sun
2492,Sun
2493,Sun
2494,Sun
2495,Sun
2496,Sun
2497,Sun
2498,Sun
2499,Sun
2500,Sun
2501,Sun
2502,Sun
2503,Sun
2504,Sun
2505,Sun
2506,Sun
2507,Sun
2508,Sun
2509,Sun
2510,Sun
2511,Sun
2512,Sun
2513,Sun
2514,Sun
2515,Sun
2516,Sun
2517,Sun
2518,Sun
2519,Sun
2520,Sun
2521,Saturn
2522,Saturn
2523,Saturn
2524,Saturn
2525,Saturn
2526,Saturn
2527,Saturn
2528,Saturn
2529,Saturn
2530,Saturn
2531,Saturn
2532,Saturn
2533,Saturn
2534,Saturn
2535,Saturn
2536,Saturn
2537,Saturn
2538,Saturn
2539,Saturn
2540,Saturn
2541,Saturn
2542,Saturn
2543,Saturn
2544,Saturn
2545,Saturn
2546,Saturn
2547,Saturn
2548,Saturn
2549,Saturn
2550,Saturn
2551,Saturn
2552,Saturn
2553,Saturn
2554,Saturn
2555,Saturn
2556,Saturn
2557,Venus
2558,Venus
2559,Venus
2560,Venus
2561,Venus
2562,Venus
2563,Venus
2564,Venus
2565,Venus
2566,Venus
2567,Venus
2568,Venus
2569,Venus
2570,Venus
2571,Venus
2572,Venus
2573,Venus
2574,Venus
2575,Venus
2576,Venus
2577,Venus
2578,Venus
2579,Venus
2580,Venus
2581,Venus
2582,Venus
2583,Venus
2584,Venus
2585,Venus
2586,Venus
2587,Venus
2588,Venus
2589,Venus
2590,Venus
2591,Venus
2592,Venus
2593,Jupiter
2594,Jupiter
2595,Jupiter
2596,Jupiter
2597,Jupiter
2598,Jupiter
2599,Jupiter
2600,Jupiter
2601,Jupiter
2602,Jupiter
2603,Jupiter
2604,Jupiter
2605,Jupiter
2606,Jupiter
2607,Jupiter
2608,Jupiter
2609,Jupiter
2610,Jupiter
2611,Jupiter
2612,Jupiter
2613,Jupiter
2614,Jupiter
2615,Jupiter
2616,Jupiter
2617,Jupiter
2618,Jupiter
2619,Jupiter
2620,Jupiter
2621,Jupiter
2622,Jupiter
2623,Jupiter
2624,Jupiter
2625,Jupiter
2626,Jupiter
2627,Jupiter
2628,Jupiter
2629,Mercury
2630,Mercury
2631,Mercury
2632,Mercury
2633,Mercury
2634,Mercury
2635,Mercury
2636,Mercury
2637,Mercury
2638,Mercury
2639,Mercury
2640,Mercury
2641,Mercury
2642,Mercury
2643,Mercury
2644,Mercury
2645,Mercury
2646,Mercury
2647,Mercury
2648,Mercury
2649,Mercury
2650,Mercury
2651,Mercury
2652,Mercury
2653,Mercury
2654,Mercury
2655,Mercury
2656,Mercury
2657,Mercury
2658,Mercury
2659,Mercury
2660,Mercury
2661,Mercury
2662,Mercury
2663,Mercury
2664,Mercury
2665,Mars
2666,Mars
2667,Mars
2668,Mars
2669,Mars
2670,Mars
2671,Mars
2672,Mars
2673,Mars
2674,Mars
2675,Mars
2676,Mars
2677,Mars
2678,Mars
2679,Mars
2680,Mars
2681,Mars
2682,Mars
2683,Mars
2684,Mars
2685,Mars
2686,Mars
2687,Mars
2688,Mars
2689,Mars
2690,Mars
2691,Mars
2692,Mars
2693,Mars
2694,Mars
2695,Mars
2696,Mars
2697,Mars
2698,Mars
2699,Mars
2700,Mars
2701,Moon
2702,Moon
2703,Moon
2704,Moon
2705,Moon
2706,Moon
2707,Moon
2708,Moon
2709,Moon
2710,Moon
2711,Moon
2712,Moon
2713,Moon
2714,Moon
2715,Moon
2716,Moon
2717,Moon
2718,Moon
2719,Moon
2720,Moon
2721,Moon
2722,Moon
2723,Moon
2724,Moon
2725,Moon
2726,Moon
2727,Moon
2728,Moon
2729,Moon
2730,Moon
2731,Moon
2732,Moon
2733,Moon
2734,Moon
2735,Moon
2736,Moon
2737,Sun
2738,Sun
2739,Sun
2740,Sun
2741,Sun
2742,Sun
2743,Sun
2744,Sun
2745,Sun
2746,Sun
2747,Sun
2748,Sun
2749,Sun
2750,Sun
2751,Sun
2752,Sun
2753,Sun
2754,Sun
2755,Sun
2756,Sun
2757,Sun
2758,Sun
2759,Sun
2760,Sun
2761,Sun
2762,Sun
2763,Sun
2764,Sun
2765,Sun
2766,Sun
2767,Sun
2768,Sun
2769,Sun
2770,Sun
2771,Sun
2772,Sun
2773,Saturn
2774,Saturn
2775,Saturn
2776,Saturn
2777,Saturn
2778,Saturn
2779,Saturn
2780,Saturn
2781,Saturn
2782,Saturn
2783,Saturn
2784,Saturn
2785,Saturn
2786,Saturn
2787,Saturn
2788,Saturn
2789,Saturn
2790,Saturn
2791,Saturn
2792,Saturn
2793,Saturn
2794,Saturn
2795,Saturn
2796,Saturn
2797,Saturn
2798,Saturn
2799,Saturn
2800,Saturn
2801,Saturn
2802,Saturn
2803,Saturn
2804,Saturn
2805,Saturn
2806,Saturn
2807,Saturn
2808,Saturn
2809,Venus
2810,Venus
2811,Venus
2812,Venus
2813,Venus
2814,Venus
2815,Venus
2816,Venus
2817,Venus
2818,Venus
2819,Venus
2820,Venus
2821,Venus
2822,Venus
2823,Venus
2824,Venus
2825,Venus
2826,Venus
2827,Venus
2828,Venus
2829,Venus
2830,Venus
2831,Venus
2832,Venus
2833,Venus
2834,Venus
2835,Venus
2836,Venus
2837,Venus
2838,Venus
2839,Venus
2840,Venus
2841,Venus
2842,Venus
2843,Venus
2844,Venus
2845,Jupiter
2846,Jupiter
2847,Jupiter
2848,Jupiter
2849,Jupiter
2850,Jupiter
2851,Jupiter
2852,Jupiter
2853,Jupiter
2854,Jupiter
2855,Jupiter
2856,Jupiter
2857,Jupiter
2858,Jupiter
2859,Jupiter
2860,Jupiter
2861,Jupiter
2862,Jupiter
2863,Jupiter
2864,Jupiter
2865,Jupiter
2866,Jupiter
2867,Jupiter
2868,Jupiter
2869,Jupiter
2870,Jupiter
2871,Jupiter
2872,Jupiter
2873,Jupiter
2874,Jupiter
2875,Jupiter
2876,Jupiter
2877,Jupiter
2878,Jupiter
2879,Jupiter
2880,Jupiter
2881,Mercury
2882,Mercury
2883,Mercury
2884,Mercury
2885,Mercury
2886,Mercury
2887,Mercury
2888,Mercury
2889,Mercury
2890,Mercury
2891,Mercury
2892,Mercury
2893,Mercury
2894,Mercury
2895,Mercury
2896,Mercury
2897,Mercury
2898,Mercury
2899,Mercury
2900,Mercury
2901,Mercury
2902,Mercury
2903,Mercury
2904,Mercury
2905,Mercury
2906,Mercury
2907,Mercury
2908,Mercury
2909,Mercury
2910,Mercury
2911,Mercury
2912,Mercury
2913,Mercury
2914,Mercury
2915,Mercury
2916,Mercury
2917,Mars
2918,Mars
2919,Mars
2920,Mars
2921,Mars
2922,Mars
2923,Mars
2924,Mars
2925,Mars
2926,Mars
2927,Mars
2928,Mars
2929,Mars
2930,Mars
2931,Mars
2932,Mars
2933,Mars
2934,Mars
2935,Mars
2936,Mars
2937,Mars
2938,Mars
2939,Mars
2940,Mars
2941,Mars
2942,Mars
2943,Mars
2944,Mars
2945,Mars
2946,Mars
2947,Mars
2948,Mars
2949,Mars
2950,Mars
2951,Mars
2952,Mars
2953,Moon
2954,Moon
2955,Moon
2956,Moon
2957,Moon
2958,Moon
2959,Moon
2960,Moon
2961,Moon
2962,Moon
2963,Moon
2964,Moon
2965,Moon
2966,Moon
2967,Moon
2968,Moon
2969,Moon
2970,Moon
2971,Moon
2972,Moon
2973,Moon
2974,Moon
2975,Moon
2976,Moon
2977,Moon
2978,Moon
2979,Moon
2980,Moon
2981,Moon
2982,Moon
2983,Moon
2984,Moon
2985,Moon
2986,Moon
2987,Moon
2988,Moon
2989,Sun
2990,Sun
2991,Sun
2992,Sun
2993,Sun
2994,Sun
2995,Sun
2996,Sun
2997,Sun
2998,Sun
2999,Sun
3000,Sun
3001,Sun
3002,Sun
3003,Sun
3004,Sun
3005,Sun
3006,Sun
3007,Sun
3008,Sun
3009,Sun
3010,Sun
3011,Sun
3012,Sun
3013,Sun
3014,Sun
3015,Sun
3016,Sun
3017,Sun
3018,Sun
3019,Sun
3020,Sun
3021,Sun
3022,Sun
3023,Sun
3024,Sun
3025,Saturn
3026,Saturn
3027,Saturn
3028,Saturn
3029,Saturn
3030,Saturn
3031,Saturn
3032,Saturn
3033,Saturn
3034,Saturn
3035,Saturn
3036,Saturn
3037,Saturn
3038,Saturn
3039,Saturn
3040,Saturn
3041,Saturn
3042,Saturn
3043,Saturn
3044,Saturn
3045,Saturn
3046,Saturn
3047,Saturn
3048,Saturn
3049,Saturn
3050,Saturn
3051,Saturn
3052,Saturn
3053,Saturn
3054,Saturn
3055,Saturn
3056,Saturn
3057,Saturn
3058,Saturn
3059,Saturn
3060,Saturn
3061,Venus
3062,Venus
3063,Venus
3064,Venus
3065,Venus
3066,Venus
3067,Venus
3068,Venus
3069,Venus
3070,Venus
3071,Venus
3072,Venus
3073,Venus
3074,Venus
3075,Venus
3076,Venus
3077,Venus
3078,Venus
3079,Venus
3080,Venus
3081,Venus
3082,Venus
3083,Venus
3084,Venus
3085,Venus
3086,Venus
3087,Venus
3088,Venus
3089,Venus
3090,Venus
3091,Venus
3092,Venus
3093,Venus
3094,Venus
3095,Venus
3096,Venus
3097,Jupiter
3098,Jupiter
3099,Jupiter
3100,Jupiter
3101,Jupiter
3102,Jupiter
3103,Jupiter
3104,Jupiter
3105,Jupiter
3106,Jupiter
3107,Jupiter
3108,Jupiter
3109,Jupiter
3110,Jupiter
3111,Jupiter
3112,Jupiter
3113,Jupiter
3114,Jupiter
3115,Jupiter
3116,Jupiter
3117,Jupiter
3118,Jupiter
3119,Jupiter
3120,Jupiter
3121,Jupiter
3122,Jupiter
3123,Jupiter
3124,Jupiter
3125,Jupiter
3126,Jupiter
3127,Jupiter
3128,Jupiter
3129,Jupiter
3130,Jupiter
3131,Jupiter
3132,Jupiter
3133,Mercury
3134,Mercury
3135,Mercury
3136,Mercury
3137,Mercury
3138,Mercury
3139,Mercury
3140,Mercury
3141,Mercury
3142,Mercury
3143,Mercury
3144,Mercury
3145,Mercury
3146,Mercury
3147,Mercury
3148,Mercury
3149,Mercury
3150,Mercury
3151,Mercury
3152,Mercury
3153,Mercury
3154,Mercury
3155,Mercury
3156,Mercury
3157,Mercury
3158,Mercury
3159,Mercury
3160,Mercury
3161,Mercury
3162,Mercury
3163,Mercury
3164,Mercury
3165,Mercury
3166,Mercury
3167,Mercury
3168,Mercury
3169,Mars
3170,Mars
3171,Mars
3172,Mars
3173,Mars
3174,Mars
3175,Mars
3176,Mars
3177,Mars
3178,Mars
3179,Mars
3180,Mars
3181,Mars
3182,Mars
3183,Mars
3184,Mars
3185,Mars
3186,Mars
3187,Mars
3188,Mars
3189,Mars
3190,Mars
3191,Mars
3192,Mars
3193,Mars
3194,Mars
3195,Mars
3196,Mars
3197,Mars
3198,Mars
3199,Mars
3200,Mars
3201,Mars
3202,Mars
3203,Mars
3204,Mars
3205,Moon
3206,Moon
3207,Moon
3208,Moon
3209,Moon
3210,Moon
3211,Moon
3212,Moon
3213,Moon
3214,Moon
3215,Moon
3216,Moon
3217,Moon
3218,Moon
3219,Moon
3220,Moon
3221,Moon
3222,Moon
3223,Moon
3224,Moon
3225,Moon
3226,Moon
3227,Moon
3228,Moon
3229,Moon
3230,Moon
3231,Moon
3232,Moon
3233,Moon
3234,Moon
3235,Moon
3236,Moon
3237,Moon
3238,Moon
3239,Moon
3240,Moon
3241,Sun
3242,Sun
3243,Sun
3244,Sun
3245,Sun
3246,Sun
3247,Sun
3248,Sun
3249,Sun
3250,Sun
3251,Sun
3252,Sun
3253,Sun
3254,Sun
3255,Sun
3256,Sun
3257,Sun
3258,Sun
3259,Sun
3260,Sun
3261,Sun
3262,Sun
3263,Sun
3264,Sun
3265,Sun
3266,Sun
3267,Sun
3268,Sun
3269,Sun
3270,Sun
3271,Sun
3272,Sun
3273,Sun
3274,Sun
3275,Sun
3276,Sun
3277,Saturn
3278,Saturn
3279,Saturn
3280,Saturn
3281,Saturn
3282,Saturn
3283,Saturn
3284,Saturn
3285,Saturn
3286,Saturn
3287,Saturn
3288,Saturn
3289,Saturn
3290,Saturn
3291,Saturn
3292,Saturn
3293,Saturn
3294,Saturn
3295,Saturn
3296,Saturn
3297,Saturn
3298,Saturn
3299,Saturn
3300,Saturn
3301,Saturn
3302,Saturn
3303,Saturn
3304,Saturn
3305,Saturn
3306,Saturn
3307,Saturn
3308,Saturn
3309,Saturn
3310,Saturn
3311,Saturn
3312,Saturn
3313,Venus
3314,Venus
3315,Venus
3316,Venus
3317,Venus
3318,Venus
3319,Venus
3320,Venus
3321,Venus
3322,Venus
3323,Venus
3324,Venus
3325,Venus
3326,Venus
3327,Venus
3328,Venus
3329,Venus
3330,Venus
3331,Venus
3332,Venus
3333,Venus
3334,Venus
3335,Venus
3336,Venus
3337,Venus
3338,Venus
3339,Venus
3340,Venus
3341,Venus
3342,Venus
3343,Venus
3344,Venus
3345,Venus
3346,Venus
3347,Venus
3348,Venus
3349,Jupiter
3350,Jupiter
3351,Jupiter
3352,Jupiter
3353,Jupiter
3354,Jupiter
3355,Jupiter
3356,Jupiter
3357,Jupiter
3358,Jupiter
3359,Jupiter
3360,Jupiter
3361,Jupiter
3362,Jupiter
3363,Jupiter
3364,Jupiter
3365,Jupiter
3366,Jupiter
3367,Jupiter
3368,Jupiter
3369,Jupiter
3370,Jupiter
3371,Jupiter
3372,Jupiter
3373,Jupiter
3374,Jupiter
3375,Jupiter
3376,Jupiter
3377,Jupiter
3378,Jupiter
3379,Jupiter
3380,Jupiter
3381,Jupiter
3382,Jupiter
3383,Jupiter
3384,Jupiter
3385,Mercury
3386,Mercury
3387,Mercury
3388,Mercury
3389,Mercury
3390,Mercury
3391,Mercury
3392,Mercury
3393,Mercury
3394,Mercury
3395,Mercury
3396,Mercury
3397,Mercury
3398,Mercury
3399,Mercury
3400,Mercury
3401,Mercury
3402,Mercury
3403,Mercury
3404,Mercury
3405,Mercury
3406,Mercury
3407,Mercury
3408,Mercury
3409,Mercury
3410,Mercury
3411,Mercury
3412,Mercury
3413,Mercury
3414,Mercury
3415,Mercury
3416,Mercury
3417,Mercury
3418,Mercury
3419,Mercury
3420,Mercury
3421,Mars
3422,Mars
3423,Mars
3424,Mars
3425,Mars
3426,Mars
3427,Mars
3428,Mars
3429,Mars
3430,Mars
3431,Mars
3432,Mars
3433,Mars
3434,Mars
3435,Mars
3436,Mars
3437,Mars
3438,Mars
3439,Mars
3440,Mars
3441,Mars
3442,Mars
3443,Mars
3444,Mars
3445,Mars
3446,Mars
3447,Mars
3448,Mars
3449,Mars
3450,Mars
3451,Mars
3452,Mars
3453,Mars
3454,Mars
3455,Mars
3456,Mars
3457,Moon
3458,Moon
3459,Moon
3460,Moon
3461,Moon
3462,Moon
3463,Moon
3464,Moon
3465,Moon
3466,Moon
3467,Moon
3468,Moon
3469,Moon
3470,Moon
3471,Moon
3472,Moon
3473,Moon
3474,Moon
3475,Moon
3476,Moon
3477,Moon
3478,Moon
3479,Moon
3480,Moon
3481,Moon
3482,Moon
3483,Moon
3484,Moon
3485,Moon
3486,Moon
3487,Moon
3488,Moon
3489,Moon
3490,Moon
3491,Moon
3492,Moon
3493,Sun
3494,Sun
3495,Sun
3496,Sun
3497,Sun
3498,Sun
3499,Sun
3500,Sun
3501,Sun
3502,Sun
3503,Sun
3504,Sun
3505,Sun
3506,Sun
3507,Sun
3508,Sun
3509,Sun
3510,Sun
3511,Sun
3512,Sun
3513,Sun
3514,Sun
3515,Sun
3516,Sun
3517,Sun
3518,Sun
3519,Sun
3520,Sun
3521,Sun
3522,Sun
3523,Sun
3524,Sun
3525,Sun
3526,Sun
3527,Sun
3528,Sun
3529,Saturn
3530,Saturn
3531,Saturn
3532,Saturn
3533,Saturn
3534,Saturn
3535,Saturn
3536,Saturn
3537,Saturn
3538,Saturn
3539,Saturn
3540,Saturn
3541,Saturn
3542,Saturn
3543,Saturn
3544,Saturn
3545,Saturn
3546,Saturn
3547,Saturn
3548,Saturn
3549,Saturn
3550,Saturn
3551,Saturn
3552,Saturn
3553,Saturn
3554,Saturn
3555,Saturn
3556,Saturn
3557,Saturn
3558,Saturn
3559,Saturn
3560,Saturn
3561,Saturn
3562,Saturn
3563,Saturn
3564,Saturn
3565,Venus
3566,Venus
3567,Venus
3568,Venus
3569,Venus
3570,Venus
3571,Venus
3572,Venus
3573,Venus
3574,Venus
3575,Venus
3576,Venus
3577,Venus
3578,Venus
3579,Venus
3580,Venus
3581,Venus
3582,Venus
3583,Venus
3584,Venus
3585,Venus
3586,Venus
3587,Venus
3588,Venus
3589,Venus
3590,Venus
3591,Venus
3592,Venus
3593,Venus
3594,Venus
3595,Venus
3596,Venus
3597,Venus
3598,Venus
3599,Venus
3600,Venus
3601,Jupiter
3602,Jupiter
3603,Jupiter
3604,Jupiter
3605,Jupiter
3606,Jupiter
3607,Jupiter
3608,Jupiter
3609,Jupiter
3610,Jupiter
3611,Jupiter
3612,Jupiter
3613,Jupiter
3614,Jupiter
3615,Jupiter
3616,Jupiter
3617,Jupiter
3618,Jupiter
3619,Jupiter
3620,Jupiter
3621,Jupiter
3622,Jupiter
3623,Jupiter
3624,Jupiter
3625,Jupiter
3626,Jupiter
3627,Jupiter
3628,Jupiter
3629,Jupiter
3630,Jupiter
3631,Jupiter
3632,Jupiter
3633,Jupiter
3634,Jupiter
3635,Jupiter
3636,Jupiter
3637,Mercury
3638,Mercury
3639,Mercury
3640,Mercury
3641,Mercury
3642,Mercury
3643,Mercury
3644,Mercury
3645,Mercury
3646,Mercury
3647,Mercury
3648,Mercury
3649,Mercury
3650,Mercury
3651,Mercury
3652,Mercury
3653,Mercury
3654,Mercury
3655,Mercury
3656,Mercury
3657,Mercury
3658,Mercury
3659,Mercury
3660,Mercury
3661,Mercury
3662,Mercury
3663,Mercury
3664,Mercury
3665,Mercury
3666,Mercury
3667,Mercury
3668,Mercury
3669,Mercury
3670,Mercury
3671,Mercury
3672,Mercury
3673,Mars
3674,Mars
3675,Mars
3676,Mars
3677,Mars
3678,Mars
3679,Mars
3680,Mars
3681,Mars
3682,Mars
3683,Mars
3684,Mars
3685,Mars
3686,Mars
3687,Mars
3688,Mars
3689,Mars
3690,Mars
3691,Mars
3692,Mars
3693,Mars
3694,Mars
3695,Mars
3696,Mars
3697,Mars
3698,Mars
3699,Mars
3700,Mars
3701,Mars
3702,Mars
3703,Mars
3704,Mars
3705,Mars
3706,Mars
3707,Mars
3708,Mars
3709,Moon
3710,Moon
3711,Moon
3712,Moon
3713,Moon
3714,Moon
3715,Moon
3716,Moon
3717,Moon
3718,Moon
3719,Moon
3720,Moon
3721,Moon
3722,Moon
3723,Moon
3724,Moon
3725,Moon
3726,Moon
3727,Moon
3728,Moon
3729,Moon
3730,Moon
3731,Moon
3732,Moon
3733,Moon
3734,Moon
3735,Moon
3736,Moon
3737,Moon
3738,Moon
3739,Moon
3740,Moon
3741,Moon
3742,Moon
3743,Moon
3744,Moon
3745,Sun
3746,Sun
3747,Sun
3748,Sun
3749,Sun
3750,Sun
3751,Sun
3752,Sun
3753,Sun
3754,Sun
3755,Sun
3756,Sun
3757,Sun
3758,Sun
3759,Sun
3760,Sun
3761,Sun
3762,Sun
3763,Sun
3764,Sun
3765,Sun
3766,Sun
3767,Sun
3768,Sun
3769,Sun
3770,Sun
3771,Sun
3772,Sun
3773,Sun
3774,Sun
3775,Sun
3776,Sun
3777,Sun
3778,Sun
3779,Sun
3780,Sun
3781,Saturn
3782,Saturn
3783,Saturn
3784,Saturn
3785,Saturn
3786,Saturn
3787,Saturn
3788,Saturn
3789,Saturn
3790,Saturn
3791,Saturn
3792,Saturn
3793,Saturn
3794,Saturn
3795,Saturn
3796,Saturn
3797,Saturn
3798,Saturn
3799,Saturn
3800,Saturn
3801,Saturn
3802,Saturn
3803,Saturn
3804,Saturn
3805,Saturn
3806,Saturn
3807,Saturn
3808,Saturn
3809,Saturn
3810,Saturn
3811,Saturn
3812,Saturn
3813,Saturn
3814,Saturn
3815,Saturn
3816,Saturn
3817,Venus
3818,Venus
3819,Venus
3820,Venus
3821,Venus
3822,Venus
3823,Venus
3824,Venus
3825,Venus
3826,Venus
3827,Venus
3828,Venus
3829,Venus
3830,Venus
3831,Venus
3832,Venus
3833,Venus
3834,Venus
3835,Venus
3836,Venus
3837,Venus
3838,Venus
3839,Venus
3840,Venus
3841,Venus
3842,Venus
3843,Venus
3844,Venus
3845,Venus
3846,Venus
3847,Venus
3848,Venus
3849,Venus
3850,Venus
3851,Venus
3852,Venus
3853,Jupiter
3854,Jupiter
3855,Jupiter
3856,Jupiter
3857,Jupiter
3858,Jupiter
3859,Jupiter
3860,Jupiter
3861,Jupiter
3862,Jupiter
3863,Jupiter
3864,Jupiter
3865,Jupiter
3866,Jupiter
3867,Jupiter
3868,Jupiter
3869,Jupiter
3870,Jupiter
3871,Jupiter
3872,Jupiter
3873,Jupiter
3874,Jupiter
3875,Jupiter
3876,Jupiter
3877,Jupiter
3878,Jupiter
3879,Jupiter
3880,Jupiter
3881,Jupiter
3882,Jupiter
3883,Jupiter
3884,Jupiter
3885,Jupiter
3886,Jupiter
3887,Jupiter
3888,Jupiter
3889,Mercury
3890,Mercury
3891,Mercury
3892,Mercury
3893,Mercury
3894,Mercury
3895,Mercury
3896,Mercury
3897,Mercury
3898,Mercury
3899,Mercury
3900,Mercury
3901,Mercury
3902,Mercury
3903,Mercury
3904,Mercury
3905,Mercury
3906,Mercury
3907,Mercury
3908,Mercury
3909,Mercury
3910,Mercury
3911,Mercury
3912,Mercury
3913,Mercury
3914,Mercury
3915,Mercury
3916,Mercury
3917,Mercury
3918,Mercury
3919,Mercury
3920,Mercury
3921,Mercury
3922,Mercury
3923,Mercury
3924,Mercury
3925,Mars
3926,Mars
3927,Mars
3928,Mars
3929,Mars
3930,Mars
3931,Mars
3932,Mars
3933,Mars
3934,Mars
3935,Mars
3936,Mars
3937,Mars
3938,Mars
3939,Mars
3940,Mars
3941,Mars
3942,Mars
3943,Mars
3944,Mars
3945,Mars
3946,Mars
3947,Mars
3948,Mars
3949,Mars
3950,Mars
3951,Mars
3952,Mars
3953,Mars
3954,Mars
3955,Mars
3956,Mars
3957,Mars
3958,Mars
3959,Mars
3960,Mars
3961,Moon
3962,Moon
3963,Moon
3964,Moon
3965,Moon
3966,Moon
3967,Moon
3968,Moon
3969,Moon
3970,Moon
3971,Moon
3972,Moon
3973,Moon
3974,Moon
3975,Moon
3976,Moon
3977,Moon
3978,Moon
3979,Moon
3980,Moon
3981,Moon
3982,Moon
3983,Moon
3984,Moon
3985,Moon
3986,Moon
3987,Moon
3988,Moon
3989,Moon
3990,Moon
3991,Moon
3992,Moon
3993,Moon
3994,Moon
3995,Moon
3996,Moon
3997,Sun
3998,Sun
3999,Sun
4000,Sun
4001,Sun
4002,Sun
4003,Sun
4004,Sun
4005,Sun
4006,Sun
4007,Sun
4008,Sun
4009,Sun
4010,Sun
4011,Sun
4012,Sun
4013,Sun
4014,Sun
4015,Sun
4016,Sun
4017,Sun
4018,Sun
4019,Sun
4020,Sun
4021,Sun
4022,Sun
4023,Sun
4024,Sun
4025,Sun
4026,Sun
4027,Sun
4028,Sun
4029,Sun
4030,Sun
4031,Sun
4032,Sun
